<?xml version="1.0" encoding="UTF-8"?>
<project-private xmlns="http://www.netbeans.org/ns/project-private/1">
    <editor-bookmarks xmlns="http://www.netbeans.org/ns/editor-bookmarks/2" lastBookmarkId="0"/>
    <open-files xmlns="http://www.netbeans.org/ns/projectui-open-files/2">
        <group>
            <file>file:/C:/Users/User/OneDrive/Desktop/JavaFXApplication1/QurbanirGorurHaatProject/src/Mainpkg/LoginSceneController.java</file>
            <file>file:/C:/Users/User/OneDrive/Desktop/JavaFXApplication1/QurbanirGorurHaatProject/src/Mainpkg/InventoryManagerDashboardSceneController.java</file>
            <file>file:/C:/Users/User/OneDrive/Desktop/JavaFXApplication1/QurbanirGorurHaatProject/src/Mainpkg/ShopSceneWithTableSceneController.java</file>
            <file>file:/C:/Users/User/OneDrive/Desktop/JavaFXApplication1/QurbanirGorurHaatProject/src/Mainpkg/AddToCartSceneController.java</file>
            <file>file:/C:/Users/User/OneDrive/Desktop/JavaFXApplication1/QurbanirGorurHaatProject/src/Mainpkg/InventoryManagerDashboardScene.fxml</file>
            <file>file:/C:/Users/User/OneDrive/Desktop/JavaFXApplication1/QurbanirGorurHaatProject/src/Mainpkg/OrderDetailsSceneController.java</file>
            <file>file:/C:/Users/User/OneDrive/Desktop/JavaFXApplication1/QurbanirGorurHaatProject/src/Mainpkg/AddToCartScene.fxml</file>
            <file>file:/C:/Users/User/OneDrive/Desktop/JavaFXApplication1/QurbanirGorurHaatProject/src/Mainpkg/InventoryManagerRateScene.fxml</file>
            <file>file:/C:/Users/User/OneDrive/Desktop/JavaFXApplication1/QurbanirGorurHaatProject/src/Mainpkg/ConfirmOderSceneController.java</file>
            <file>file:/C:/Users/User/OneDrive/Desktop/JavaFXApplication1/QurbanirGorurHaatProject/src/Mainpkg/BillReceiptTableScene.fxml</file>
            <file>file:/C:/Users/User/OneDrive/Desktop/JavaFXApplication1/QurbanirGorurHaatProject/src/Mainpkg/OrderDetailsScene.fxml</file>
            <file>file:/C:/Users/User/OneDrive/Desktop/JavaFXApplication1/QurbanirGorurHaatProject/src/Mainpkg/InventoryManagerRateSceneController.java</file>
            <file>file:/C:/Users/User/OneDrive/Desktop/JavaFXApplication1/QurbanirGorurHaatProject/src/Mainpkg/ShopSceneWithTableScene.fxml</file>
            <file>file:/C:/Users/User/OneDrive/Desktop/JavaFXApplication1/QurbanirGorurHaatProject/src/Mainpkg/LoginScene.fxml</file>
            <file>file:/C:/Users/User/OneDrive/Desktop/JavaFXApplication1/QurbanirGorurHaatProject/src/Mainpkg/ConfirmOderScene.fxml</file>
            <file>file:/C:/Users/User/OneDrive/Desktop/JavaFXApplication1/QurbanirGorurHaatProject/src/Mainpkg/main.java</file>
            <file>file:/C:/Users/User/OneDrive/Desktop/JavaFXApplication1/QurbanirGorurHaatProject/src/Mainpkg/BillReceiptTableSceneController.java</file>
        </group>
    </open-files>
</project-private>
